id,first_name,last_name,email
1,Bertrand,Cleife,bcleife0@yolasite.com
2,Valma,Noorwood,vnoorwood1@cnbc.com
3,Zondra,Langman,zlangman2@creativecommons.org
4,Townsend,Andrzejowski,tandrzejowski3@engadget.com
5,Olenka,Gannon,ogannon4@vkontakte.ru
6,Wren,Penelli,wpenelli5@topsy.com
7,Omar,Whittle,owhittle6@desdev.cn
8,Eolanda,Scobie,escobie7@dagondesign.com
9,Cairistiona,Humphrys,chumphrys8@macromedia.com
10,Tanny,Kinnier,tkinnier9@noaa.gov
11,Genevra,Burrows,gburrowsa@altervista.org
12,Wilhelmine,Schettini,wschettinib@simplemachines.org
13,Victoir,Pudner,vpudnerc@fda.gov
14,Reuven,Bean,rbeand@photobucket.com
15,Denys,McKenny,dmckennye@purevolume.com
16,Ivan,Antczak,iantczakf@ifeng.com
17,Sayre,Leftbridge,sleftbridgeg@bbb.org
18,Ambrosi,Claybourn,aclaybournh@amazon.com
19,Leo,McCarver,lmccarveri@cnbc.com
20,Sianna,Ivery,siveryj@example.com
21,Abbie,Arenson,aarensonk@guardian.co.uk
22,Nike,McQuode,nmcquodel@facebook.com
23,Agatha,Ingree,aingreem@edublogs.org
24,Giffy,Delue,gdeluen@sciencedaily.com
25,Isa,Dabernott,idabernotto@ebay.co.uk
26,Land,Basnett,lbasnettp@tuttocitta.it
27,Cordie,Shorthill,cshorthillq@discovery.com
28,Rickie,Pecha,rpechar@shop-pro.jp
29,Rab,Colegrove,rcolegroves@slideshare.net
30,Marcela,Rosevear,mroseveart@google.com
31,Onfroi,Vallentine,ovallentineu@jiathis.com
32,Ellwood,Kikke,ekikkev@geocities.com
33,Shandeigh,Croux,scrouxw@utexas.edu
34,Claudius,Loftie,cloftiex@barnesandnoble.com
35,El,Tabb,etabby@tripadvisor.com
36,Keslie,Jozsef,kjozsefz@unesco.org
37,Petrina,Petrulis,ppetrulis10@clickbank.net
38,Meredith,Satterlee,msatterlee11@hexun.com
39,Wilbur,Crimpe,wcrimpe12@sakura.ne.jp
40,Alex,Kinsett,akinsett13@typepad.com
41,Stefanie,Ribbens,sribbens14@plala.or.jp
42,Caressa,Colkett,ccolkett15@biglobe.ne.jp
43,Edin,Roddick,eroddick16@disqus.com
44,Alick,Bowdery,abowdery17@amazon.de
45,Uri,Gosswell,ugosswell18@tamu.edu
46,Trudi,Low,tlow19@mozilla.org
47,Vonny,Slimm,vslimm1a@ucsd.edu
48,Godfry,Govan,ggovan1b@yandex.ru
49,Marcelle,Agiolfinger,magiolfinger1c@ocn.ne.jp
50,Denney,Brimilcome,dbrimilcome1d@jimdo.com
51,Sue,Mapholm,smapholm1e@archive.org
52,Arlie,Finlason,afinlason1f@nytimes.com
53,Raye,Donnison,rdonnison1g@ted.com
54,Cyrus,Askem,caskem1h@blogs.com
55,Westley,Roo,wroo1i@yahoo.com
56,Mandy,Bagster,mbagster1j@technorati.com
57,Lyndel,Beevens,lbeevens1k@google.com
58,Mira,Brecon,mbrecon1l@yahoo.com
59,Valentin,MacAscaidh,vmacascaidh1m@un.org
60,Louisette,Edens,ledens1n@vistaprint.com
61,Josh,Tesh,jtesh1o@moonfruit.com
62,Colleen,Straun,cstraun1p@lycos.com
63,Isidora,Bromilow,ibromilow1q@soundcloud.com
64,Buddy,Helleker,bhelleker1r@pinterest.com
65,Ingmar,Rolfi,irolfi1s@google.it
66,Linda,Whates,lwhates1t@mysql.com
67,Chandra,Friedank,cfriedank1u@vinaora.com
68,Cheryl,Burker,cburker1v@alexa.com
69,Wilie,Brennon,wbrennon1w@amazon.co.uk
70,Allx,Drury,adrury1x@unc.edu
71,Paten,Blazi,pblazi1y@msu.edu
72,Christoforo,Senter,csenter1z@posterous.com
73,Hillyer,Durdle,hdurdle20@1688.com
74,Janeen,Purton,jpurton21@illinois.edu
75,Quillan,Rootham,qrootham22@amazon.co.jp
76,Salomo,Samber,ssamber23@hc360.com
77,Lorine,Amberg,lamberg24@harvard.edu
78,Rocky,Leidl,rleidl25@mac.com
79,Jemima,Claque,jclaque26@wikispaces.com
80,Myron,Bertouloume,mbertouloume27@seesaa.net
81,Albertina,Kitson,akitson28@acquirethisname.com
82,Jdavie,Tabourier,jtabourier29@moonfruit.com
83,Skell,Streeter,sstreeter2a@instagram.com
84,Cletis,Sharville,csharville2b@bloglovin.com
85,Carlynn,Berford,cberford2c@live.com
86,Terri-jo,Ousbie,tousbie2d@gmpg.org
87,Camala,Thody,cthody2e@netlog.com
88,Demetre,Peyro,dpeyro2f@mapy.cz
89,Kali,Blizard,kblizard2g@oakley.com
90,Lorita,Poor,lpoor2h@opensource.org
91,Huey,Settle,hsettle2i@ibm.com
92,Filbert,McSporon,fmcsporon2j@aboutads.info
93,Pat,Sedworth,psedworth2k@bigcartel.com
94,Roby,Cockshut,rcockshut2l@adobe.com
95,Alta,Upham,aupham2m@baidu.com
96,Kelsy,Jahncke,kjahncke2n@rambler.ru
97,Ewen,Ervine,eervine2o@stumbleupon.com
98,Mikey,Gornal,mgornal2p@pcworld.com
99,Ly,Putterill,lputterill2q@ycombinator.com
100,Kippy,Siburn,ksiburn2r@washington.edu
101,Chelsey,Whittock,cwhittock2s@etsy.com
102,Cindelyn,Dresche,cdresche2t@live.com
103,Julita,Sayers,jsayers2u@multiply.com
104,Leonie,Sleightholme,lsleightholme2v@jimdo.com
105,Maryrose,Tommis,mtommis2w@newsvine.com
106,Richie,Egell,regell2x@google.com
107,Martainn,Scherer,mscherer2y@scribd.com
108,Chrissy,Alasdair,calasdair2z@amazon.co.uk
109,Saree,Pigden,spigden30@fc2.com
110,Ailis,Oakenfull,aoakenfull31@sitemeter.com
111,Ariel,Cloy,acloy32@businessinsider.com
112,Calli,O'Grada,cograda33@yelp.com
113,Clementius,O' Bee,cobee34@unesco.org
114,Missy,Grzegorzewicz,mgrzegorzewicz35@narod.ru
115,Michail,Wellbank,mwellbank36@bloglovin.com
116,Maia,Yanin,myanin37@thetimes.co.uk
117,Aime,Feeney,afeeney38@hud.gov
118,Ivonne,Walling,iwalling39@ebay.com
119,Giff,Pendlebury,gpendlebury3a@howstuffworks.com
120,Corbet,Nerney,cnerney3b@i2i.jp
121,Megen,O'Nions,monions3c@aboutads.info
122,Glen,Sharrier,gsharrier3d@scribd.com
123,Saleem,Capron,scapron3e@shinystat.com
124,Eloise,Dripps,edripps3f@g.co
125,Forbes,Menloe,fmenloe3g@jiathis.com
126,Dukie,Adam,dadam3h@ucla.edu
127,Josh,Shuxsmith,jshuxsmith3i@slate.com
128,Christabella,Leijs,cleijs3j@surveymonkey.com
129,Ame,Bowerbank,abowerbank3k@vkontakte.ru
130,Burtie,Loveitt,bloveitt3l@e-recht24.de
131,Nichols,Baldelli,nbaldelli3m@infoseek.co.jp
132,Perry,Carlson,pcarlson3n@stumbleupon.com
133,Edyth,Piche,epiche3o@jigsy.com
134,Demeter,Fendt,dfendt3p@newyorker.com
135,Gene,Gilbard,ggilbard3q@hao123.com
136,Filippa,Cruden,fcruden3r@sohu.com
137,Huey,Raccio,hraccio3s@auda.org.au
138,Gloriane,Shyres,gshyres3t@smugmug.com
139,Libby,Skitral,lskitral3u@fastcompany.com
140,Ansell,Crickmore,acrickmore3v@statcounter.com
141,Derek,Giscken,dgiscken3w@gov.uk
142,Chelsea,Lythgoe,clythgoe3x@sciencedaily.com
143,Austin,McKelvie,amckelvie3y@state.tx.us
144,Layla,Crunden,lcrunden3z@netvibes.com
145,Kimmi,Wason,kwason40@google.nl
146,Enrica,Broomhall,ebroomhall41@prweb.com
147,Bevon,Casburn,bcasburn42@sciencedaily.com
148,Delora,Lisle,dlisle43@springer.com
149,Charisse,Vern,cvern44@zimbio.com
150,Caren,Gratrex,cgratrex45@ebay.co.uk
151,Sheena,Bleakman,sbleakman46@newsvine.com
152,Salvidor,Di Matteo,sdimatteo47@constantcontact.com
153,Dal,Hallums,dhallums48@google.it
154,Urbano,Otter,uotter49@marketwatch.com
155,Celie,Mattin,cmattin4a@netvibes.com
156,Janeta,Mordan,jmordan4b@google.com.hk
157,Clementina,Di Nisco,cdinisco4c@engadget.com
158,Lionel,Godden,lgodden4d@apache.org
159,Stavros,Wethey,swethey4e@geocities.jp
160,Karon,Razzell,krazzell4f@bandcamp.com
161,Hattie,Lapham,hlapham4g@pbs.org
162,Merrile,O'Mullaney,momullaney4h@toplist.cz
163,Isaiah,Jobb,ijobb4i@flickr.com
164,Philip,Fricker,pfricker4j@wordpress.com
165,Berta,MacGhee,bmacghee4k@mlb.com
166,Marty,Martynka,mmartynka4l@amazonaws.com
167,Raynor,Clulee,rclulee4m@pbs.org
168,Herman,Heeron,hheeron4n@flickr.com
169,Georgette,Tixier,gtixier4o@utexas.edu
170,Mata,Prosch,mprosch4p@state.gov
171,Gussi,Ary,gary4q@desdev.cn
172,Faina,Filon,ffilon4r@issuu.com
173,Teddie,Danigel,tdanigel4s@seesaa.net
174,Caz,Ruit,cruit4t@ning.com
175,Jordana,Geldeard,jgeldeard4u@51.la
176,Jock,Gosling,jgosling4v@forbes.com
177,Billie,Chawner,bchawner4w@chron.com
178,Morty,Schout,mschout4x@psu.edu
179,Del,Simonassi,dsimonassi4y@list-manage.com
180,Marcelia,Storms,mstorms4z@adobe.com
181,Agneta,Eubank,aeubank50@vinaora.com
182,Alberik,Brands,abrands51@flickr.com
183,Ervin,Pavy,epavy52@mlb.com
184,Charis,Shobbrook,cshobbrook53@pcworld.com
185,Homerus,Easton,heaston54@freewebs.com
186,Marleah,Chadband,mchadband55@hud.gov
187,Shandeigh,Noad,snoad56@yahoo.co.jp
188,Jany,Whettleton,jwhettleton57@tamu.edu
189,Janene,Tschirasche,jtschirasche58@auda.org.au
190,Alfi,Druitt,adruitt59@flavors.me
191,Juditha,Christophle,jchristophle5a@usa.gov
192,Monte,Raistrick,mraistrick5b@paginegialle.it
193,Goddart,Surgey,gsurgey5c@google.nl
194,Kaylil,Pandey,kpandey5d@ask.com
195,Stephanie,Knotton,sknotton5e@mtv.com
196,Amery,Bravey,abravey5f@globo.com
197,Bertha,Brocks,bbrocks5g@cbslocal.com
198,Avrom,Sykora,asykora5h@about.com
199,Germayne,Salomon,gsalomon5i@xinhuanet.com
200,Denney,Lindsey,dlindsey5j@nifty.com
201,Perri,Santorini,psantorini5k@amazon.de
202,Marty,Morrowe,mmorrowe5l@arstechnica.com
203,Elyn,Geaney,egeaney5m@whitehouse.gov
204,Noelyn,Stanfield,nstanfield5n@eventbrite.com
205,Alica,Lidgerton,alidgerton5o@desdev.cn
206,Ethe,Hubbuck,ehubbuck5p@census.gov
207,Jud,Fiennes,jfiennes5q@ow.ly
208,Marcille,Elgie,melgie5r@scientificamerican.com
209,Melissa,Gomar,mgomar5s@newyorker.com
210,Imelda,Garrat,igarrat5t@mashable.com
211,Tiffi,McQueen,tmcqueen5u@360.cn
212,Carin,Normabell,cnormabell5v@liveinternet.ru
213,Olvan,Moores,omoores5w@whitehouse.gov
214,Beulah,Kepp,bkepp5x@list-manage.com
215,Arnoldo,Littlefair,alittlefair5y@psu.edu
216,Dulcea,Spooner,dspooner5z@istockphoto.com
217,Dorella,Behnke,dbehnke60@chron.com
218,Ban,Wisson,bwisson61@ow.ly
219,Denyse,Bernot,dbernot62@auda.org.au
220,Mose,Marke,mmarke63@redcross.org
221,Renaldo,Simonsson,rsimonsson64@devhub.com
222,Drucie,Dullard,ddullard65@tinyurl.com
223,Bathsheba,Matchett,bmatchett66@sphinn.com
224,Ted,Oxburgh,toxburgh67@google.com.hk
225,Flynn,Pinnell,fpinnell68@chronoengine.com
226,Dino,MacKibbon,dmackibbon69@webnode.com
227,Malynda,Coatsworth,mcoatsworth6a@mit.edu
228,Emerson,de Keep,edekeep6b@webnode.com
229,Gene,Evetts,gevetts6c@wix.com
230,Aile,Mylan,amylan6d@i2i.jp
231,Woodie,Oakshott,woakshott6e@oaic.gov.au
232,Bobette,Fanton,bfanton6f@webs.com
233,Harvey,Strass,hstrass6g@google.ca
234,Rebeca,Ellerby,rellerby6h@studiopress.com
235,Vivianna,Fashion,vfashion6i@yelp.com
236,Harwell,Heartfield,hheartfield6j@ucoz.ru
237,Lauraine,Gatehouse,lgatehouse6k@buzzfeed.com
238,Dionne,Siney,dsiney6l@unc.edu
239,Evvie,Pearsall,epearsall6m@histats.com
240,Burnard,Chaperling,bchaperling6n@noaa.gov
241,Jazmin,Faichnie,jfaichnie6o@nytimes.com
242,Rory,Blowin,rblowin6p@theatlantic.com
243,Ailee,Chipps,achipps6q@bizjournals.com
244,Lorene,Augustin,laugustin6r@wix.com
245,Morgen,Westwater,mwestwater6s@joomla.org
246,Arlen,Greenley,agreenley6t@wiley.com
247,Whitby,Speller,wspeller6u@usgs.gov
248,Gussi,Erdis,gerdis6v@ibm.com
249,Pauline,Hoyer,phoyer6w@aol.com
250,Dewitt,Frisch,dfrisch6x@illinois.edu
251,Noble,Arlidge,narlidge6y@networkadvertising.org
252,Cathe,Keay,ckeay6z@jimdo.com
253,Marlo,Lucia,mlucia70@youtu.be
254,Tull,Ayliffe,tayliffe71@webnode.com
255,Leon,Gregoli,lgregoli72@cornell.edu
256,Estrellita,MacParland,emacparland73@webs.com
257,Barry,Veasey,bveasey74@sciencedirect.com
258,Hannah,Westmerland,hwestmerland75@woothemes.com
259,Vasily,Tingley,vtingley76@over-blog.com
260,Winifred,Gales,wgales77@whitehouse.gov
261,Claiborne,Petri,cpetri78@europa.eu
262,Karia,Mortimer,kmortimer79@vistaprint.com
263,Barbra,Rodenhurst,brodenhurst7a@lycos.com
264,Lindy,Dwight,ldwight7b@businessweek.com
265,Markus,Prettyman,mprettyman7c@creativecommons.org
266,Hunter,Brimm,hbrimm7d@senate.gov
267,Odele,Burdin,oburdin7e@ted.com
268,Rosette,Boakes,rboakes7f@fastcompany.com
269,Dru,Hoxey,dhoxey7g@discovery.com
270,Bary,Eallis,beallis7h@senate.gov
271,Nero,Drinkeld,ndrinkeld7i@hc360.com
272,Tuck,Osbaldstone,tosbaldstone7j@wired.com
273,Benedikta,Kollach,bkollach7k@i2i.jp
274,Jethro,Tear,jtear7l@nationalgeographic.com
275,Pierce,Simnett,psimnett7m@51.la
276,Wilhelmine,Phillpotts,wphillpotts7n@bing.com
277,Milton,Beynon,mbeynon7o@goo.gl
278,Charmain,Sporle,csporle7p@typepad.com
279,Taddeusz,Collyer,tcollyer7q@photobucket.com
280,Serena,Sijmons,ssijmons7r@drupal.org
281,Hildagarde,Craythorne,hcraythorne7s@accuweather.com
282,Nathaniel,Foxton,nfoxton7t@dyndns.org
283,Jaquenetta,Dole,jdole7u@bloomberg.com
284,Sammy,Busen,sbusen7v@sciencedirect.com
285,Ody,Slowey,oslowey7w@ftc.gov
286,Gonzalo,Hollingby,ghollingby7x@linkedin.com
287,Darcy,Alexandersson,dalexandersson7y@sphinn.com
288,Elly,Darlison,edarlison7z@youtube.com
289,Nerte,Bontein,nbontein80@ehow.com
290,Eleanora,Spellessy,espellessy81@seattletimes.com
291,Ennis,Kuhnhardt,ekuhnhardt82@barnesandnoble.com
292,Bren,Judd,bjudd83@cafepress.com
293,Griffith,Witt,gwitt84@mozilla.org
294,Annecorinne,Attenbrow,aattenbrow85@shop-pro.jp
295,Bartholomeo,Iddison,biddison86@hatena.ne.jp
296,Madalena,Sydall,msydall87@youtube.com
297,Coral,Scotcher,cscotcher88@samsung.com
298,Vasily,Amber,vamber89@istockphoto.com
299,Deborah,Trudgian,dtrudgian8a@netscape.com
300,Leta,McVie,lmcvie8b@webnode.com
301,Amelie,Defont,adefont8c@imageshack.us
302,Sharlene,Haggerwood,shaggerwood8d@apache.org
303,Bel,Faithfull,bfaithfull8e@a8.net
304,Ryan,Daouze,rdaouze8f@fema.gov
305,Lorelei,Jackett,ljackett8g@goo.ne.jp
306,Chaunce,Foxall,cfoxall8h@friendfeed.com
307,Kissiah,MacKean,kmackean8i@theatlantic.com
308,Horace,Poynser,hpoynser8j@tamu.edu
309,Edik,Sliman,esliman8k@amazon.com
310,Rawley,Vosse,rvosse8l@marketwatch.com
311,Daryl,Blumson,dblumson8m@shutterfly.com
312,Pauly,Brogiotti,pbrogiotti8n@fema.gov
313,Ddene,Bindin,dbindin8o@mapquest.com
314,Claiborn,Sauvage,csauvage8p@imageshack.us
315,Annmaria,Wilcott,awilcott8q@tamu.edu
316,Coleen,Gaynes,cgaynes8r@wisc.edu
317,Wyn,Filippozzi,wfilippozzi8s@buzzfeed.com
318,Pepe,Geraud,pgeraud8t@apache.org
319,Jeth,Bartolacci,jbartolacci8u@slate.com
320,Vern,Simonds,vsimonds8v@live.com
321,Abraham,Stranaghan,astranaghan8w@telegraph.co.uk
322,Dacy,Harbage,dharbage8x@samsung.com
323,Wendye,Fergusson,wfergusson8y@mayoclinic.com
324,Irma,Sandhill,isandhill8z@bizjournals.com
325,Giorgio,Sarle,gsarle90@mit.edu
326,Ottilie,Hanalan,ohanalan91@fastcompany.com
327,Brady,Findlater,bfindlater92@google.it
328,Courtney,Wane,cwane93@google.it
329,Alexei,Ruffles,aruffles94@homestead.com
330,Brannon,Barnwall,bbarnwall95@typepad.com
331,Shelba,MacEveley,smaceveley96@github.com
332,Lilian,Bly,lbly97@livejournal.com
333,Hillery,Ervine,hervine98@latimes.com
334,Winthrop,Gashion,wgashion99@mlb.com
335,Zack,Gherardesci,zgherardesci9a@goo.gl
336,Dulsea,Clearie,dclearie9b@diigo.com
337,Verla,Bradshaw,vbradshaw9c@smh.com.au
338,Skell,Trowle,strowle9d@blogs.com
339,Collete,Butler,cbutler9e@linkedin.com
340,Johny,Franchi,jfranchi9f@aol.com
341,Ottilie,Stivani,ostivani9g@oaic.gov.au
342,Rogers,Palfreman,rpalfreman9h@soup.io
343,Earle,Baumber,ebaumber9i@fastcompany.com
344,Waylen,Bartke,wbartke9j@chron.com
345,Amalea,Edelheid,aedelheid9k@acquirethisname.com
346,Brinn,Dulanty,bdulanty9l@zdnet.com
347,Werner,Kellar,wkellar9m@netlog.com
348,Barron,Elkins,belkins9n@smh.com.au
349,Bradney,Batters,bbatters9o@comsenz.com
350,Rosette,Weems,rweems9p@ezinearticles.com
351,Gil,Duffit,gduffit9q@artisteer.com
352,Eb,Barcroft,ebarcroft9r@ifeng.com
353,Morey,Godding,mgodding9s@icio.us
354,Rosalia,Churchward,rchurchward9t@answers.com
355,Sig,Clymo,sclymo9u@stumbleupon.com
356,Billy,Fresson,bfresson9v@yelp.com
357,Becky,Voff,bvoff9w@gmpg.org
358,Merry,Harwell,mharwell9x@ox.ac.uk
359,Dot,Mellanby,dmellanby9y@squidoo.com
360,Kellen,Walklot,kwalklot9z@nature.com
361,Millie,Alexandersen,malexandersena0@eepurl.com
362,Flynn,Bourke,fbourkea1@goo.gl
363,Nadeen,Elves,nelvesa2@storify.com
364,Vina,Dikles,vdiklesa3@census.gov
365,Kirbee,Bridson,kbridsona4@cmu.edu
366,Shirline,Pavek,spaveka5@gmpg.org
367,Alyssa,Girvin,agirvina6@youtu.be
368,Shirlee,Bunney,sbunneya7@zdnet.com
369,Carlina,Newlin,cnewlina8@forbes.com
370,Elysia,Hector,ehectora9@51.la
371,Leona,Speke,lspekeaa@google.nl
372,Briggs,Acarson,bacarsonab@homestead.com
373,Johnathan,Puttergill,jputtergillac@nyu.edu
374,Libbie,Blaase,lblaasead@mit.edu
375,Ephrem,Birks,ebirksae@simplemachines.org
376,Felicity,Strongitharm,fstrongitharmaf@fastcompany.com
377,Miller,Ubsdell,mubsdellag@intel.com
378,Trudy,Ubsdale,tubsdaleah@altervista.org
379,Rabbi,Theze,rthezeai@1und1.de
380,Juliet,Vasilik,jvasilikaj@creativecommons.org
381,Sollie,Caroli,scaroliak@google.ca
382,Ajay,Tatam,atatamal@ow.ly
383,Batsheva,Somers,bsomersam@zimbio.com
384,Kassey,Cantrill,kcantrillan@51.la
385,Hanni,Lewsley,hlewsleyao@rambler.ru
386,Rollins,Tomich,rtomichap@slashdot.org
387,Elmore,Flavelle,eflavelleaq@dropbox.com
388,Laurie,Marchetti,lmarchettiar@icq.com
389,Oliver,Thorlby,othorlbyas@msn.com
390,Freddy,Cecil,fcecilat@tumblr.com
391,Des,Bricknall,dbricknallau@netvibes.com
392,Gerta,Runcie,gruncieav@skyrock.com
393,Cory,Twitty,ctwittyaw@tumblr.com
394,Jesselyn,Barrasse,jbarrasseax@ycombinator.com
395,Waverley,Gertz,wgertzay@nhs.uk
396,Mirelle,Biagi,mbiagiaz@flickr.com
397,Sarine,Gollop,sgollopb0@seattletimes.com
398,Christian,Doyle,cdoyleb1@hc360.com
399,Shantee,Monteaux,smonteauxb2@npr.org
400,Fania,Kunkel,fkunkelb3@clickbank.net
401,Katlin,Sabine,ksabineb4@eventbrite.com
402,Paxton,Brittin,pbrittinb5@apache.org
403,Broddie,Jaine,bjaineb6@theguardian.com
404,Weylin,Eric,wericb7@biblegateway.com
405,Graehme,Garie,ggarieb8@constantcontact.com
406,Schuyler,Bartocci,sbartoccib9@si.edu
407,Randee,Poles,rpolesba@furl.net
408,Ninetta,Roycroft,nroycroftbb@lulu.com
409,Mirelle,Beckers,mbeckersbc@va.gov
410,Karen,Uccello,kuccellobd@bing.com
411,Jessy,Bengefield,jbengefieldbe@hostgator.com
412,Edgardo,Clausen,eclausenbf@vistaprint.com
413,Galina,Spanswick,gspanswickbg@baidu.com
414,Lynnet,Brunger,lbrungerbh@guardian.co.uk
415,Cob,Tinan,ctinanbi@alexa.com
416,Celie,Kalf,ckalfbj@skype.com
417,Harmonie,Andras,handrasbk@epa.gov
418,Lynn,Cawood,lcawoodbl@163.com
419,Isabelita,Gusney,igusneybm@mapy.cz
420,Candice,Kelberer,ckelbererbn@wikimedia.org
421,Brodie,Caddan,bcaddanbo@rediff.com
422,Vania,Palfrie,vpalfriebp@bandcamp.com
423,Bethany,Longmore,blongmorebq@imgur.com
424,Hort,Foucard,hfoucardbr@php.net
425,Colly,Kee,ckeebs@businesswire.com
426,Curt,Knolles-Green,cknollesgreenbt@altervista.org
427,Rhoda,Reame,rreamebu@comcast.net
428,Ozzy,Jennions,ojennionsbv@state.tx.us
429,Tammie,Virgin,tvirginbw@privacy.gov.au
430,Asia,Macquire,amacquirebx@free.fr
431,Maryjo,Kobpa,mkobpaby@taobao.com
432,Liam,Jannasch,ljannaschbz@youku.com
433,Edi,Coult,ecoultc0@trellian.com
434,Zabrina,Davidovics,zdavidovicsc1@slate.com
435,Wenda,Alves,walvesc2@army.mil
436,Traver,Blackham,tblackhamc3@example.com
437,Vanny,Pogson,vpogsonc4@plala.or.jp
438,Reggie,Chastang,rchastangc5@addtoany.com
439,Matthieu,Jiroudek,mjiroudekc6@sciencedirect.com
440,Janith,Hanshaw,jhanshawc7@umich.edu
441,Desiri,Gliddon,dgliddonc8@tamu.edu
442,Denys,Chainey,dchaineyc9@who.int
443,Rhys,Glackin,rglackinca@desdev.cn
444,Connor,Cannam,ccannamcb@cbsnews.com
445,Gerek,Tampion,gtampioncc@walmart.com
446,Ginevra,Cassley,gcassleycd@jugem.jp
447,Cad,Carnow,ccarnowce@eepurl.com
448,Adrianna,MacArd,amacardcf@engadget.com
449,Marcelline,Loble,mloblecg@bizjournals.com
450,Mychal,McKern,mmckernch@newsvine.com
451,Tamera,Celler,tcellerci@java.com
452,Brandea,Sigfrid,bsigfridcj@constantcontact.com
453,Estevan,Ranklin,eranklinck@comcast.net
454,Dean,Blindmann,dblindmanncl@msu.edu
455,Kaitlynn,Plowes,kplowescm@parallels.com
456,Rouvin,Slane,rslanecn@smugmug.com
457,Lorin,Chate,lchateco@ehow.com
458,Ashton,Wrist,awristcp@furl.net
459,Florry,McGarrie,fmcgarriecq@toplist.cz
460,Hewett,Feldmark,hfeldmarkcr@163.com
461,Renae,Piggen,rpiggencs@amazon.co.uk
462,Catharina,Rains,crainsct@technorati.com
463,Damara,Cushe,dcushecu@google.co.uk
464,Vivie,Kerry,vkerrycv@yahoo.co.jp
465,Jaquith,Spottswood,jspottswoodcw@weibo.com
466,Marcello,Titmarsh,mtitmarshcx@booking.com
467,Heidi,Tizard,htizardcy@whitehouse.gov
468,Baron,Parmenter,bparmentercz@sciencedaily.com
469,Claiborn,Ruby,crubyd0@nhs.uk
470,Everard,Kirby,ekirbyd1@fema.gov
471,Antonin,Takis,atakisd2@hatena.ne.jp
472,Doris,Ronisch,dronischd3@pbs.org
473,Kathleen,Pardue,kpardued4@weibo.com
474,Vale,O'Bradain,vobradaind5@princeton.edu
475,Kimball,Pepperd,kpepperdd6@github.io
476,Axe,Gayne,agayned7@furl.net
477,Hartwell,McMichell,hmcmichelld8@guardian.co.uk
478,Alain,Wardlow,awardlowd9@t-online.de
479,Liana,Dossit,ldossitda@amazonaws.com
480,Hamish,Hofler,hhoflerdb@buzzfeed.com
481,Larine,Wickenden,lwickendendc@smugmug.com
482,Kylila,Melwall,kmelwalldd@redcross.org
483,Dyane,Keppel,dkeppelde@4shared.com
484,Jere,Aickin,jaickindf@live.com
485,Rosemarie,Strutton,rstruttondg@chicagotribune.com
486,Julie,Sweetlove,jsweetlovedh@storify.com
487,Reinhold,Ricart,rricartdi@pcworld.com
488,Dorette,Veldstra,dveldstradj@icq.com
489,Sumner,Ewbank,sewbankdk@ca.gov
490,Gardie,Sline,gslinedl@shutterfly.com
491,Elsinore,Swinn,eswinndm@ocn.ne.jp
492,Rosabel,Ebrall,rebralldn@usda.gov
493,Richie,Umpleby,rumplebydo@auda.org.au
494,Cathrine,Yu,cyudp@harvard.edu
495,Louis,Burton,lburtondq@smh.com.au
496,Chrisy,Devonish,cdevonishdr@naver.com
497,Cherey,Abramovici,cabramovicids@tumblr.com
498,Correy,MacGuigan,cmacguigandt@pbs.org
499,Fredelia,Freckelton,ffreckeltondu@nba.com
500,Jasper,Carratt,jcarrattdv@oakley.com
501,Amalee,Crouse,acrousedw@zimbio.com
502,Oralie,Leinster,oleinsterdx@prlog.org
503,Morena,Strutley,mstrutleydy@businesswire.com
504,Ignace,McDougald,imcdougalddz@nyu.edu
505,Violante,Coushe,vcoushee0@squidoo.com
506,Bernard,Rush,brushe1@wikipedia.org
507,Justinn,Mallebone,jmallebonee2@cdbaby.com
508,Bartholomew,Turneaux,bturneauxe3@skype.com
509,Denys,Float,dfloate4@fc2.com
510,Sayres,Birrel,sbirrele5@dedecms.com
511,Fitz,Greenhow,fgreenhowe6@php.net
512,Angelina,Triggle,atrigglee7@sogou.com
513,Aube,Benny,abennye8@jigsy.com
514,Karoline,Streatley,kstreatleye9@hud.gov
515,Coleman,Gladdin,cgladdinea@nytimes.com
516,Putnem,Nockalls,pnockallseb@yellowpages.com
517,Albert,Barkway,abarkwayec@shutterfly.com
518,Nichole,Ianne,nianneed@studiopress.com
519,Flore,Siemianowicz,fsiemianowiczee@google.com.au
520,Shanon,Sunshine,ssunshineef@yahoo.co.jp
521,Nomi,Ricardon,nricardoneg@biglobe.ne.jp
522,Mortie,Ockenden,mockendeneh@imdb.com
523,Torrey,Grissett,tgrissettei@loc.gov
524,Vergil,Canton,vcantonej@wix.com
525,Godfree,Curtain,gcurtainek@opensource.org
526,Cecelia,Placide,cplacideel@163.com
527,Vanessa,MacAllester,vmacallesterem@trellian.com
528,Huberto,Ciccotto,hciccottoen@wordpress.org
529,Sky,Casone,scasoneeo@icq.com
530,Ricca,Vizor,rvizorep@google.co.uk
531,Ameline,Fulkes,afulkeseq@yellowbook.com
532,Valentine,Moller,vmollerer@goo.gl
533,Ernst,Botham,ebothames@weather.com
534,Cart,Rame,crameet@pbs.org
535,Tommy,Batson,tbatsoneu@privacy.gov.au
536,Joy,O'Howbane,johowbaneev@goo.gl
537,Kai,Howsden,khowsdenew@fc2.com
538,Sancho,Woodham,swoodhamex@blogtalkradio.com
539,Mareah,Snelle,msnelleey@photobucket.com
540,Gusti,Matschek,gmatschekez@techcrunch.com
541,April,Durnford,adurnfordf0@google.com.au
542,Katrinka,Corpe,kcorpef1@rambler.ru
543,Briny,Eggerton,beggertonf2@technorati.com
544,Merwyn,Bader,mbaderf3@liveinternet.ru
545,Brock,Liversidge,bliversidgef4@istockphoto.com
546,Isidoro,Bourgeois,ibourgeoisf5@go.com
547,Carny,Balk,cbalkf6@fda.gov
548,Yvor,Fleischmann,yfleischmannf7@privacy.gov.au
549,Hulda,Dow,hdowf8@artisteer.com
550,Boycie,Tedman,btedmanf9@macromedia.com
551,Eldon,Lukasen,elukasenfa@weebly.com
552,Gavrielle,Surr,gsurrfb@marriott.com
553,Sholom,Yoxen,syoxenfc@eventbrite.com
554,Stepha,Fillon,sfillonfd@weebly.com
555,Lauritz,Salery,lsaleryfe@goo.gl
556,Elsy,Coole,ecooleff@t-online.de
557,Ebba,Rudloff,erudlofffg@cnn.com
558,Kimmi,Baldetti,kbaldettifh@nps.gov
559,Sianna,Pickerin,spickerinfi@globo.com
560,Huntlee,Martinho,hmartinhofj@t-online.de
561,Hadrian,Dabinett,hdabinettfk@exblog.jp
562,Stewart,Heineking,sheinekingfl@purevolume.com
563,Nickola,Attenborough,nattenboroughfm@fastcompany.com
564,Paule,Folliss,pfollissfn@blogger.com
565,Flossie,Rowbottam,frowbottamfo@pbs.org
566,Tania,Prowting,tprowtingfp@slashdot.org
567,Brnaba,Yockney,byockneyfq@miibeian.gov.cn
568,Erinna,Marini,emarinifr@samsung.com
569,Ruddy,Rolse,rrolsefs@nhs.uk
570,Twila,Casassa,tcasassaft@samsung.com
571,Shadow,Bavister,sbavisterfu@angelfire.com
572,Reider,Littlejohns,rlittlejohnsfv@multiply.com
573,Kore,Connal,kconnalfw@nih.gov
574,Asa,Auchterlonie,aauchterloniefx@paginegialle.it
575,Cathee,Huckel,chuckelfy@nationalgeographic.com
576,Benedikt,Rimer,brimerfz@pcworld.com
577,Laurence,Gerram,lgerramg0@icq.com
578,Clovis,Nisbet,cnisbetg1@dagondesign.com
579,Corny,Seppey,cseppeyg2@ca.gov
580,Whitaker,Duigan,wduigang3@washington.edu
581,Katherine,Crowd,kcrowdg4@berkeley.edu
582,Nolie,Cleft,ncleftg5@gmpg.org
583,Iver,Bartolomeotti,ibartolomeottig6@rediff.com
584,Neale,Winks,nwinksg7@dagondesign.com
585,August,Creddon,acreddong8@examiner.com
586,Sydney,Brimmell,sbrimmellg9@answers.com
587,Rodger,Ghilardini,rghilardiniga@seesaa.net
588,Norris,McGuigan,nmcguigangb@cisco.com
589,Berenice,Poinsett,bpoinsettgc@facebook.com
590,Abrahan,Harget,ahargetgd@bloglines.com
591,Boycey,Pogosian,bpogosiange@sciencedaily.com
592,Gradeigh,Winkle,gwinklegf@studiopress.com
593,Tomas,Edgerley,tedgerleygg@studiopress.com
594,Gilbertina,Keat,gkeatgh@t-online.de
595,Idette,Lints,ilintsgi@vkontakte.ru
596,Kippie,Barkhouse,kbarkhousegj@skype.com
597,Bunnie,Nacey,bnaceygk@sourceforge.net
598,Layla,Grinsdale,lgrinsdalegl@slashdot.org
599,Suzy,Kondrachenko,skondrachenkogm@tripod.com
600,Carrol,Hollow,chollowgn@oakley.com
601,Coralyn,Humfrey,chumfreygo@storify.com
602,Tatiana,Gilhoolie,tgilhooliegp@fastcompany.com
603,Hussein,Pitceathly,hpitceathlygq@mashable.com
604,Torin,Teideman,tteidemangr@msu.edu
605,Koren,Falcus,kfalcusgs@usnews.com
606,Jordanna,Philbrook,jphilbrookgt@nps.gov
607,Wendye,MacAlister,wmacalistergu@netlog.com
608,Johnath,McQuarter,jmcquartergv@wunderground.com
609,Westley,Domange,wdomangegw@etsy.com
610,Julia,Gommery,jgommerygx@vkontakte.ru
611,Brenn,Pail,bpailgy@answers.com
612,Chlo,Spleving,csplevinggz@storify.com
613,Chevy,Peabody,cpeabodyh0@blog.com
614,Krysta,Scoyles,kscoylesh1@networkadvertising.org
615,Addy,Swaffer,aswafferh2@newyorker.com
616,Moishe,Beeton,mbeetonh3@twitpic.com
617,Merralee,Hurlestone,mhurlestoneh4@godaddy.com
618,Jacquelynn,Carverhill,jcarverhillh5@imdb.com
619,Reuben,Ossipenko,rossipenkoh6@vistaprint.com
620,Vere,Brecken,vbreckenh7@vkontakte.ru
621,Mora,Abela,mabelah8@archive.org
622,Imelda,Beaconsall,ibeaconsallh9@weibo.com
623,Christan,Tait,ctaitha@mozilla.com
624,Keriann,Piggin,kpigginhb@dell.com
625,Ketti,Quene,kquenehc@newyorker.com
626,Winnifred,Willbraham,wwillbrahamhd@umn.edu
627,Maryjo,Chimenti,mchimentihe@sourceforge.net
628,Marje,Hardisty,mhardistyhf@studiopress.com
629,Danita,Cockshtt,dcockshtthg@indiegogo.com
630,Pavia,Abel,pabelhh@businesswire.com
631,Tally,Jeffs,tjeffshi@mashable.com
632,Diego,Palmer,dpalmerhj@foxnews.com
633,Kendre,MacRierie,kmacrieriehk@live.com
634,Aviva,Egglestone,aegglestonehl@acquirethisname.com
635,Gabriela,Lawman,glawmanhm@addthis.com
636,Kessiah,Agett,kagetthn@home.pl
637,Perle,Dendon,pdendonho@cbc.ca
638,Lucila,Walles,lwalleshp@shinystat.com
639,Napoleon,Rougier,nrougierhq@discovery.com
640,Neda,Meak,nmeakhr@cnn.com
641,Kaiser,Ledeker,kledekerhs@cargocollective.com
642,Kelley,Goodnow,kgoodnowht@weibo.com
643,Joan,Tonkes,jtonkeshu@omniture.com
644,Dunstan,Dutteridge,ddutteridgehv@desdev.cn
645,Sallyanne,Payn,spaynhw@go.com
646,Kienan,Odom,kodomhx@google.ca
647,Dick,Saywell,dsaywellhy@studiopress.com
648,Reinhard,Sore,rsorehz@google.com.au
649,Sasha,Carlsson,scarlssoni0@uol.com.br
650,Ahmed,Mulroy,amulroyi1@sciencedirect.com
651,Alvera,Dzeniskevich,adzeniskevichi2@senate.gov
652,Moshe,Tankin,mtankini3@microsoft.com
653,Lindsay,Sisland,lsislandi4@biblegateway.com
654,Eugenio,Osband,eosbandi5@dell.com
655,Pavla,Bonnick,pbonnicki6@washington.edu
656,Lane,Fierman,lfiermani7@themeforest.net
657,Gradeigh,Tuison,gtuisoni8@unicef.org
658,Alyss,Gateland,agatelandi9@imageshack.us
659,Thatch,Goldsby,tgoldsbyia@ameblo.jp
660,Russell,Hanaford,rhanafordib@mayoclinic.com
661,Karena,Alvares,kalvaresic@ifeng.com
662,Morrie,Cassels,mcasselsid@nyu.edu
663,Dalli,Antoniou,dantoniouie@facebook.com
664,Gates,Dillon,gdillonif@biblegateway.com
665,Audrie,Bramhall,abramhallig@odnoklassniki.ru
666,Jude,Normandale,jnormandaleih@networkadvertising.org
667,Pam,Calveley,pcalveleyii@unicef.org
668,Kristi,Fist,kfistij@reuters.com
669,Mabel,Lappine,mlappineik@ucsd.edu
670,Alidia,Dary,adaryil@webeden.co.uk
671,Desiree,Stowgill,dstowgillim@jiathis.com
672,Scot,Lambillion,slambillionin@latimes.com
673,Lissa,Buterton,lbutertonio@archive.org
674,Bruno,Bails,bbailsip@geocities.jp
675,Angele,Vinter,avinteriq@addthis.com
676,Skipp,Windeatt,swindeattir@yellowpages.com
677,Moselle,Gerding,mgerdingis@bandcamp.com
678,Alano,Rotham,arothamit@hhs.gov
679,Mick,Rhoades,mrhoadesiu@prweb.com
680,Rozalie,Nortunen,rnortuneniv@quantcast.com
681,Carson,Moakson,cmoaksoniw@ovh.net
682,Harbert,Chessum,hchessumix@timesonline.co.uk
683,Alley,Gilogly,agiloglyiy@newsvine.com
684,Bobette,Stuer,bstueriz@mozilla.com
685,Virgie,Feuell,vfeuellj0@tripadvisor.com
686,Dulcea,Howler,dhowlerj1@wired.com
687,Merrick,Resdale,mresdalej2@nifty.com
688,Abbey,Coiley,acoileyj3@live.com
689,Christy,Shaddock,cshaddockj4@163.com
690,Raymund,Willatts,rwillattsj5@ebay.co.uk
691,Tallulah,Alasdair,talasdairj6@t-online.de
692,Myrlene,Petley,mpetleyj7@earthlink.net
693,Donica,Arrol,darrolj8@github.com
694,Orion,Wudeland,owudelandj9@gravatar.com
695,Ardine,Sands-Allan,asandsallanja@dedecms.com
696,Winonah,Ocklin,wocklinjb@goodreads.com
697,Ilse,Stenyng,istenyngjc@jugem.jp
698,Sofie,Gameson,sgamesonjd@posterous.com
699,Drona,Boyn,dboynje@washington.edu
700,Modestine,Souter,msouterjf@blogtalkradio.com
701,Kacie,Ryan,kryanjg@devhub.com
702,Vale,Truckett,vtruckettjh@comsenz.com
703,Sapphire,Sybry,ssybryji@hugedomains.com
704,Farra,Bunnell,fbunnelljj@yahoo.com
705,Wittie,Pettinger,wpettingerjk@berkeley.edu
706,Humberto,Wilcott,hwilcottjl@plala.or.jp
707,Tatum,Tring,ttringjm@addtoany.com
708,Dolores,Waterfield,dwaterfieldjn@nifty.com
709,Gerik,Keane,gkeanejo@businesswire.com
710,Mohammed,Taverner,mtavernerjp@umich.edu
711,Korney,Di Claudio,kdiclaudiojq@mapquest.com
712,Luther,Lundbech,llundbechjr@themeforest.net
713,Josey,Copcott,jcopcottjs@sphinn.com
714,Cristina,Skyram,cskyramjt@nps.gov
715,Cecilio,Benedito,cbeneditoju@gov.uk
716,Crawford,Dunstan,cdunstanjv@wufoo.com
717,Shanda,Burril,sburriljw@livejournal.com
718,Barbe,Sparway,bsparwayjx@netscape.com
719,Maxy,Hebden,mhebdenjy@engadget.com
720,Ermina,Wheildon,ewheildonjz@digg.com
721,Hartley,Kingett,hkingettk0@ucla.edu
722,Augustin,MacCaull,amaccaullk1@behance.net
723,Colly,MacLennan,cmaclennank2@friendfeed.com
724,Pepi,Fiddymont,pfiddymontk3@acquirethisname.com
725,Lizbeth,Dyton,ldytonk4@flavors.me
726,Arlyne,Stockle,astocklek5@fema.gov
727,Emma,Friary,efriaryk6@newsvine.com
728,Hesther,Kigelman,hkigelmank7@thetimes.co.uk
729,Rosaline,Goodbur,rgoodburk8@etsy.com
730,Iorgos,Sancroft,isancroftk9@bluehost.com
731,Amalie,Seeking,aseekingka@gmpg.org
732,Ester,Simla,esimlakb@simplemachines.org
733,Vachel,Brogioni,vbrogionikc@macromedia.com
734,Roz,Zum Felde,rzumfeldekd@a8.net
735,Dallis,Harce,dharceke@google.es
736,Teddi,Eeles,teeleskf@storify.com
737,Dyana,Peckett,dpeckettkg@mtv.com
738,Saunder,Levis,sleviskh@smh.com.au
739,Erik,Karpets,ekarpetski@admin.ch
740,Sylvester,Wrought,swroughtkj@blogspot.com
741,Calhoun,Eddis,ceddiskk@xinhuanet.com
742,Debee,Castelli,dcastellikl@barnesandnoble.com
743,Corrine,Bisseker,cbissekerkm@ted.com
744,Kimberlyn,Sidwell,ksidwellkn@vinaora.com
745,Ardath,Gillopp,agilloppko@addtoany.com
746,Cordie,Sachno,csachnokp@mapy.cz
747,Genni,Bulgen,gbulgenkq@freewebs.com
748,Ellyn,Haylett,ehaylettkr@bluehost.com
749,Tomaso,Phear,tphearks@google.co.jp
750,Annamaria,Ossulton,aossultonkt@google.com.hk
751,Sidney,Clemmow,sclemmowku@uol.com.br
752,Marielle,O'Keefe,mokeefekv@discovery.com
753,Gage,Alltimes,galltimeskw@nifty.com
754,Pauletta,Evequot,pevequotkx@earthlink.net
755,Reyna,Ruspine,rruspineky@cyberchimps.com
756,Benetta,Kellett,bkellettkz@diigo.com
757,Ailina,Kahen,akahenl0@eventbrite.com
758,Oralla,Le Marchand,olemarchandl1@buzzfeed.com
759,Nananne,Chinge de Hals,nchingedehalsl2@newyorker.com
760,Sherye,Bum,sbuml3@cbc.ca
761,Thom,Ferneley,tferneleyl4@sciencedaily.com
762,Rodolph,Milner,rmilnerl5@reference.com
763,Abbey,Drissell,adrisselll6@oaic.gov.au
764,Corenda,Collum,ccolluml7@dropbox.com
765,Florette,Fordham,ffordhaml8@odnoklassniki.ru
766,Gilles,Dirr,gdirrl9@uiuc.edu
767,Teodoro,Gomes,tgomesla@independent.co.uk
768,Abba,Delmonti,adelmontilb@stanford.edu
769,Dyanna,Breacher,dbreacherlc@rambler.ru
770,Anna-diane,Lapwood,alapwoodld@cbc.ca
771,Vernice,Currer,vcurrerle@nymag.com
772,Rachel,Gainor,rgainorlf@who.int
773,Estevan,Coulson,ecoulsonlg@google.com.hk
774,Elly,McNutt,emcnuttlh@rediff.com
775,Emiline,Bartoszewski,ebartoszewskili@mit.edu
776,Beatrix,Daintree,bdaintreelj@bloglines.com
777,Susanna,Pierrepont,spierrepontlk@indiegogo.com
778,Prue,Selway,pselwayll@shareasale.com
779,Brok,Mardee,bmardeelm@free.fr
780,Tani,Goalley,tgoalleyln@e-recht24.de
781,Umeko,Edards,uedardslo@opensource.org
782,Fabien,Claessens,fclaessenslp@sphinn.com
783,Nelle,Hew,nhewlq@marriott.com
784,Colene,Conrad,cconradlr@simplemachines.org
785,Meagan,Archambault,marchambaultls@usa.gov
786,Christine,Petticrow,cpetticrowlt@digg.com
787,Arne,Mallinder,amallinderlu@businesswire.com
788,Petunia,Penright,ppenrightlv@nba.com
789,Celie,Pudan,cpudanlw@wikimedia.org
790,Haley,Streatfield,hstreatfieldlx@godaddy.com
791,Clemente,McCurrie,cmccurriely@godaddy.com
792,Archibald,Carncross,acarncrosslz@harvard.edu
793,Myrilla,Smalls,msmallsm0@imageshack.us
794,Cleo,Castagneri,ccastagnerim1@360.cn
795,Lorianne,Mathy,lmathym2@chronoengine.com
796,Vite,Parley,vparleym3@tumblr.com
797,Selia,Timeby,stimebym4@state.gov
798,Auroora,Jirka,ajirkam5@earthlink.net
799,Neale,Grishankov,ngrishankovm6@ucoz.ru
800,Ilyssa,Angelini,iangelinim7@apache.org
801,Kerk,Standering,kstanderingm8@hao123.com
802,Salli,Limrick,slimrickm9@apple.com
803,Maggi,Kenewell,mkenewellma@hp.com
804,Lorinda,Pepper,lpeppermb@php.net
805,Freemon,Mathey,fmatheymc@oracle.com
806,Sumner,Walsh,swalshmd@fc2.com
807,Mead,Burdon,mburdonme@bing.com
808,Sumner,Castillou,scastilloumf@uiuc.edu
809,Shantee,Casina,scasinamg@istockphoto.com
810,Weidar,Kerry,wkerrymh@zdnet.com
811,Muire,McBeth,mmcbethmi@netscape.com
812,Michel,De la croix,mdelacroixmj@soup.io
813,Ronica,Drinkeld,rdrinkeldmk@macromedia.com
814,Doll,Giovanetti,dgiovanettiml@csmonitor.com
815,Ody,Sissens,osissensmm@google.com.br
816,Natala,McCafferty,nmccaffertymn@pbs.org
817,Domingo,Duham,dduhammo@edublogs.org
818,Amata,Branston,abranstonmp@china.com.cn
819,Aime,Maynard,amaynardmq@issuu.com
820,Aldus,Rampton,aramptonmr@cornell.edu
821,Averell,Whife,awhifems@livejournal.com
822,Reuven,Brandsen,rbrandsenmt@51.la
823,Normie,Foss,nfossmu@dailymail.co.uk
824,Valene,Dumphries,vdumphriesmv@google.com.br
825,Herminia,Cotilard,hcotilardmw@networksolutions.com
826,Drusie,Austen,daustenmx@desdev.cn
827,Daffie,Catterson,dcattersonmy@tmall.com
828,Sherlocke,Bleackley,sbleackleymz@wordpress.com
829,Zahara,Egglestone,zegglestonen0@addthis.com
830,Jerry,Croutear,jcroutearn1@is.gd
831,Rosemarie,Meert,rmeertn2@wikia.com
832,Harv,Willes,hwillesn3@360.cn
833,Godfry,Jaimez,gjaimezn4@tuttocitta.it
834,Engelbert,Brennand,ebrennandn5@nyu.edu
835,Brew,Stuchbery,bstuchberyn6@dion.ne.jp
836,Lawton,Tattershaw,ltattershawn7@tinypic.com
837,Benito,Gooble,bgooblen8@foxnews.com
838,Patrizio,Maldin,pmaldinn9@vinaora.com
839,Peyter,Nern,pnernna@yelp.com
840,Gerladina,Divis,gdivisnb@hostgator.com
841,Taryn,Segoe,tsegoenc@tiny.cc
842,Lucie,Quinnelly,lquinnellynd@netvibes.com
843,Samara,Eyeington,seyeingtonne@cmu.edu
844,Flor,Alwen,falwennf@reddit.com
845,Ansel,Hancox,ahancoxng@tripod.com
846,Zachery,Warratt,zwarrattnh@w3.org
847,Charmain,Corbie,ccorbieni@google.es
848,Garrik,Dalliston,gdallistonnj@e-recht24.de
849,Rycca,Knoton,rknotonnk@netlog.com
850,Isabeau,Thiolier,ithioliernl@uol.com.br
851,Nefen,Duffet,nduffetnm@hugedomains.com
852,Kylen,Dufoure,kdufourenn@businessinsider.com
853,Kenon,Di Ruggiero,kdiruggierono@cargocollective.com
854,Kordula,Iggo,kiggonp@uiuc.edu
855,Claudine,Haster,chasternq@washingtonpost.com
856,Anna-maria,Dean,adeannr@mozilla.com
857,Rona,Penburton,rpenburtonns@stumbleupon.com
858,Milty,Tester,mtesternt@blogspot.com
859,Arney,Clouter,aclouternu@about.me
860,Ario,Gobat,agobatnv@posterous.com
861,Nessie,Drawmer,ndrawmernw@reference.com
862,Lanae,McMenamy,lmcmenamynx@ca.gov
863,Sybila,Rizzello,srizzellony@istockphoto.com
864,Elli,Abazi,eabazinz@usnews.com
865,Gypsy,Willbraham,gwillbrahamo0@shinystat.com
866,Marten,Syddon,msyddono1@webs.com
867,Hobard,Messum,hmessumo2@digg.com
868,Rosy,Tring,rtringo3@studiopress.com
869,Janessa,Deval,jdevalo4@surveymonkey.com
870,Aundrea,Eaglestone,aeaglestoneo5@stumbleupon.com
871,Doro,Gorusso,dgorussoo6@zimbio.com
872,Rockey,Sandiland,rsandilando7@ft.com
873,Hatty,Byars,hbyarso8@hostgator.com
874,Chrysa,Arnson,carnsono9@chicagotribune.com
875,Erich,Cookes,ecookesoa@google.it
876,Fern,Ganiclef,fganiclefob@cam.ac.uk
877,Eartha,Eathorne,eeathorneoc@reverbnation.com
878,Ingemar,Stranks,istranksod@artisteer.com
879,Eadith,Dunthorn,edunthornoe@google.com
880,Josh,Snow,jsnowof@devhub.com
881,Vladimir,Dilloway,vdillowayog@wordpress.org
882,Boycey,McMeekan,bmcmeekanoh@alexa.com
883,Johna,Folger,jfolgeroi@howstuffworks.com
884,Miguela,Andrelli,mandrellioj@deviantart.com
885,Elvis,Behnecken,ebehneckenok@shutterfly.com
886,Mordy,Pulman,mpulmanol@utexas.edu
887,Ashby,Bunney,abunneyom@state.tx.us
888,Costa,Tinghill,ctinghillon@tripod.com
889,Oralla,Graveston,ogravestonoo@twitter.com
890,Leandra,Gleaves,lgleavesop@cbslocal.com
891,Albert,Miguel,amigueloq@ihg.com
892,Idell,Broun,ibrounor@facebook.com
893,Janaya,McIlriach,jmcilriachos@dropbox.com
894,Marje,Wackly,mwacklyot@mashable.com
895,Adriena,Antoons,aantoonsou@xing.com
896,Merl,Padillo,mpadilloov@cpanel.net
897,Daniella,Tovey,dtoveyow@seattletimes.com
898,Berne,Setterfield,bsetterfieldox@abc.net.au
899,Cathe,Goucher,cgoucheroy@cnet.com
900,Bernadine,Chetwin,bchetwinoz@mail.ru
901,Mano,Liggens,mliggensp0@blogs.com
902,Adele,Childe,achildep1@washington.edu
903,Nikolaos,Simoneton,nsimonetonp2@elegantthemes.com
904,Roseanne,Balwin,rbalwinp3@symantec.com
905,Dolley,Cutchie,dcutchiep4@illinois.edu
906,Thorsten,Storah,tstorahp5@arstechnica.com
907,Arlin,Ramlot,aramlotp6@aboutads.info
908,Goldi,Poolman,gpoolmanp7@geocities.com
909,Chrystal,Piwell,cpiwellp8@lycos.com
910,Carmina,Gouge,cgougep9@nhs.uk
911,Clarine,Thurborn,cthurbornpa@sun.com
912,Diane-marie,MacAfee,dmacafeepb@tuttocitta.it
913,Gifford,Goolding,ggooldingpc@t-online.de
914,Audre,Duckerin,aduckerinpd@cbslocal.com
915,Claudine,O'Gormally,cogormallype@amazonaws.com
916,Bentley,Todarello,btodarellopf@artisteer.com
917,Sheeree,Halfpenny,shalfpennypg@hao123.com
918,Felice,Witterick,fwitterickph@newyorker.com
919,Abagail,Axon,aaxonpi@360.cn
920,Ingaberg,Zeal,izealpj@feedburner.com
921,Duffie,Teligin,dteliginpk@cargocollective.com
922,Vaughan,Leathwood,vleathwoodpl@columbia.edu
923,Alison,Jannequin,ajannequinpm@addtoany.com
924,Halimeda,Kornas,hkornaspn@sphinn.com
925,Megen,Pardie,mpardiepo@cbc.ca
926,Bob,Welling,bwellingpp@deviantart.com
927,Hazel,Gritsunov,hgritsunovpq@noaa.gov
928,Grace,Lucas,glucaspr@hubpages.com
929,Coop,Durtnall,cdurtnallps@house.gov
930,Carlin,Southwick,csouthwickpt@dyndns.org
931,Shurlocke,Sarra,ssarrapu@wp.com
932,Loutitia,Vannacci,lvannaccipv@sakura.ne.jp
933,Sioux,Brewster,sbrewsterpw@taobao.com
934,Hyman,Oller,hollerpx@hugedomains.com
935,Katie,Jirick,kjirickpy@admin.ch
936,Herby,Poad,hpoadpz@patch.com
937,Florie,Powis,fpowisq0@ca.gov
938,Keri,Paulon,kpaulonq1@wisc.edu
939,Alena,Kase,akaseq2@wisc.edu
940,Immanuel,Garfoot,igarfootq3@desdev.cn
941,Priscella,Ivakhin,pivakhinq4@google.cn
942,Jolyn,Linner,jlinnerq5@list-manage.com
943,Zelig,Meader,zmeaderq6@bloomberg.com
944,Saxon,Gautrey,sgautreyq7@hud.gov
945,Wenonah,Jepps,wjeppsq8@bloglovin.com
946,Dean,Clemenceau,dclemenceauq9@soundcloud.com
947,Karie,Walter,kwalterqa@jiathis.com
948,Heinrik,Blazeby,hblazebyqb@google.pl
949,Shani,Eldred,seldredqc@hubpages.com
950,Joye,O' Culligan,joculliganqd@bizjournals.com
951,Alexandra,Buddleigh,abuddleighqe@soundcloud.com
952,Gerald,Radbourne,gradbourneqf@unblog.fr
953,Lucille,Fessions,lfessionsqg@epa.gov
954,Linus,Dell 'Orto,ldellortoqh@flickr.com
955,Benoit,D'Oyley,bdoyleyqi@discovery.com
956,Shani,Litherborough,slitherboroughqj@epa.gov
957,Julio,Jewks,jjewksqk@archive.org
958,Jasun,Moline,jmolineql@hubpages.com
959,Shaughn,Robet,srobetqm@house.gov
960,Allyn,Drakes,adrakesqn@creativecommons.org
961,Reinold,Eskrigge,reskriggeqo@businesswire.com
962,Kandy,Thowless,kthowlessqp@cbslocal.com
963,Zsazsa,Soigoux,zsoigouxqq@livejournal.com
964,Flory,Clapton,fclaptonqr@ca.gov
965,Jaine,Bissill,jbissillqs@lulu.com
966,Jess,Clara,jclaraqt@wsj.com
967,Mirabelle,Gaynsford,mgaynsfordqu@slashdot.org
968,Belle,Lygo,blygoqv@indiatimes.com
969,Ardra,Headey,aheadeyqw@ycombinator.com
970,Celestyn,Matyugin,cmatyuginqx@lulu.com
971,Harv,Harrington,hharringtonqy@mapquest.com
972,Fletch,Shelly,fshellyqz@sbwire.com
973,Mercie,Leverage,mleverager0@tiny.cc
974,Remy,Linfitt,rlinfittr1@npr.org
975,Ashleigh,Cumpton,acumptonr2@newsvine.com
976,Linnie,MacNeish,lmacneishr3@dagondesign.com
977,Becka,Swalteridge,bswalteridger4@nature.com
978,Elle,Larcombe,elarcomber5@microsoft.com
979,Marrissa,Skellorne,mskellorner6@japanpost.jp
980,Angel,Ranscombe,aranscomber7@google.it
981,Ardelia,Balfour,abalfourr8@jugem.jp
982,Betty,Allaker,ballakerr9@mac.com
983,Slade,Killgus,skillgusra@desdev.cn
984,Connor,Cometti,ccomettirb@google.pl
985,Brendis,Georgeau,bgeorgeaurc@webeden.co.uk
986,Basil,Sindle,bsindlerd@nature.com
987,Fergus,Jakubowski,fjakubowskire@miitbeian.gov.cn
988,Isobel,Leadbeatter,ileadbeatterrf@about.com
989,Gusella,Drage,gdragerg@umn.edu
990,Genvieve,Cribbins,gcribbinsrh@netscape.com
991,Elsbeth,Killshaw,ekillshawri@archive.org
992,Abbot,Zorzin,azorzinrj@slideshare.net
993,Maible,McCrorie,mmccrorierk@wunderground.com
994,Hyacintha,Vasilic,hvasilicrl@github.com
995,Darby,Athowe,dathowerm@1und1.de
996,Eldin,Elstow,eelstowrn@usda.gov
997,Florance,Gilburt,fgilburtro@usnews.com
998,Abel,Postin,apostinrp@homestead.com
999,Alford,Mickan,amickanrq@buzzfeed.com
1000,Flss,d'Escoffier,fdescoffierrr@instagram.com
